{
  "description": "微信小游戏项目",
  "packOptions": {
    "ignore": [],
    "include": []
  },
  "setting": {
    "urlCheck": false,
    "es6": true,
    "enhance": false,
    "compileHotReLoad": false,
    "postcss": false,
    "minified": false,
    "newFeature": false,
    "coverView": true,
    "autoAudits": false,
    "showShadowRootInWxmlPanel": true,
    "scopeDataCheck": false,
    "compileWorklet": false,
    "uglifyFileName": false,
    "uploadWithSourceMap": true,
    "packNpmManually": false,
    "packNpmRelationList": [],
    "minifyWXSS": true,
    "minifyWXML": true,
    "localPlugins": false,
    "disableUseStrict": false,
    "useCompilerPlugins": false,
    "condition": false,
    "swc": false,
    "disableSWC": true,
    "babelSetting": {
      "ignore": [],
      "disablePlugins": [],
      "outputPath": ""
    }
  },
  "compileType": "game",
  "libVersion": "3.7.2",
  "appid": "wx830f47b724e6ae8b",
  "projectname": "ai-game-unity",
  "condition": {},
  "simulatorPluginLibVersion": {},
  "isGameTourist": false,
  "editorSetting": {}
}